<!--
# @license
# Zimbra Remove Hyperlinks Zimlet
# Copyright 2023 Sensum Sistemas de Informatica Ltda. 
# Edson L Girardi
# Ciro Ramos Santos
#
#  This program is free software: you can redistribute it and/or modify
#  it under the terms of the GNU General Public License as published by
#  the Free Software Foundation, either version 3 of the License, or
#  (at your option) any later version.
#
#  This program is distributed in the hope that it will be useful,
#  but WITHOUT ANY WARRANTY; without even the implied warranty of
#  MERCHANTABILITY or FITNESS FOR A PARTICULAR PURPOSE.  See the
#  GNU General Public License for more details.
#
#  You should have received a copy of the GNU General Public License
#  along with this program.  If not, see <http://www.gnu.org/licenses/>.
# 
#================================================================================================================
#
# This program is a derivative of original Zimlet and works differently from the original.
#
# Original project: 
# Zimbra Block Hyperlinks Zimlet
# https://github.com/yartu/zimlet-blockhyperlink
#
# Copyright 2016 Deltanoc Ltd.
#
#  This program is free software: you can redistribute it and/or modify
#  it under the terms of the GNU General Public License as published by
#  the Free Software Foundation, either version 3 of the License, or
#  (at your option) any later version.
#
#  This program is distributed in the hope that it will be useful,
#  but WITHOUT ANY WARRANTY; without even the implied warranty of
#  MERCHANTABILITY or FITNESS FOR A PARTICULAR PURPOSE.  See the
#  GNU General Public License for more details.
#
#  You should have received a copy of the GNU General Public License
#  along with this program.  If not, see <http://www.gnu.org/licenses/>.
#
-->
<zimlet name="com_zimbra_remove_hyperlink" 
        version="1.0.0"
        description="${msg.description}"
        label="${msg.zimletLabel}"
        target="main view-window">
    <include>com_zimbra_remove_hyperlink.js</include>
    <handlerObject>RemoveHyperlink</handlerObject>
    <serverExtension hasKeyword="url" extensionClass="com.zimbra.cs.zimlet.handler.RegexHandler"/>
    <contentObject type="text">
        <matchOn>
            <regex attrs="ig">\b((?:[a-z][\w-]+:(?:\/{1,3}|[a-z0-9%])|www\d{0,3}[.]|[a-z0-9.\-]+[.][a-z]{2,4}\/)\S+(?:[^\s`!\[\]{};:'".,?«»“”‘’]))</regex>
        </matchOn>
    </contentObject>
</zimlet>